<?xml version="1.0" encoding="UTF-8"?>
<prefix language_label="English" language_tag="en" label="Private Room" name="spodpr">
   <key name="open_my_space">
      <value>Open My space</value>
   </key>
   <key name="add_card">
      <value>Add card</value>
   </key>
   <key name="create_datalet">
      <value>Create datalet</value>
   </key>
   <key name="create_text">
      <value>Create testo</value>
   </key>
      <key name="create_link">
      <value>Create link</value>
   </key>
 </prefix>
