<?xml version="1.0" encoding="utf-8"?>
<prefix name="spodpr" label="SPOD Private Room" language_tag="nl" language_label="Nederlands"><key name="add_card"><value>Voeg een kaart toe</value></key><key name="create_datalet"><value>Maak een datalet</value></key><key name="create_decisiontree"><value>Create decision tree</value></key><key name="create_link"><value>Maak een link</value></key><key name="create_text"><value>Tekstbericht</value></key><key name="main"><value>Mijn ruimte</value></key><key name="open_my_space"><value>Open Mijn ruimte</value></key></prefix>
