<?xml version="1.0" encoding="UTF-8"?>
<prefix language_label="Italiano" language_tag="it" label="Private Room" name="spodpr">
   <key name="open_my_space">
      <value>Apri My space</value>
   </key>
   <key name="add_card">
      <value>Aggiungi card</value>
   </key>
   <key name="create_datalet">
      <value>Crea datalet</value>
   </key>
   <key name="create_text">
      <value>Crea testo</value>
   </key>
      <key name="create_link">
      <value>Crea link</value>
   </key>
 </prefix>
