<?xml version="1.0" encoding="utf-8"?>
<prefix name="spodpr" label="SPOD Private Room" language_tag="en" language_label="English"><key name="add_card"><value>Add card</value></key><key name="create_datalet"><value>Create datalet</value></key><key name="create_decisiontree"><value>Create decision tree</value></key><key name="create_link"><value>Create link</value></key><key name="create_text"><value>Create text</value></key><key name="main"><value>My space</value></key><key name="open_my_space"><value>Open My space</value></key></prefix>
