<?xml version="1.0" encoding="utf-8"?>
<prefix name="spodpr" label="SPOD Private Room" language_tag="fr" language_label="Français"><key name="add_card"><value>Ajouter carte</value></key><key name="create_datalet"><value>Créer un datalet</value></key><key name="create_decisiontree"><value>Arbre des décisions</value></key><key name="create_link"><value>Créer un lien</value></key><key name="create_text"><value>Créer texte</value></key><key name="main"><value>Mon espace</value></key><key name="open_my_space"><value>ouvrir Mon espace</value></key></prefix>
