<?xml version="1.0" encoding="utf-8"?>
<prefix name="spodpr" label="SPOD Private Room" language_tag="es-ES" language_label="Spanish">
	<key name="add_card">
		<value>Agrega tarjeta</value>
	</key>
	<key name="create_datalet">
		<value>Crear datalet</value>
	</key>
	<key name="create_decisiontree">
		<value>Crear árbol de decisión</value>
	</key>
	<key name="create_link">
		<value>Crear enlace</value>
	</key>
	<key name="create_text">
		<value>Crear texto</value>
	</key>
	<key name="main">
		<value>Mi espacio</value>
	</key>
	<key name="open_my_space">
		<value>Abrir Mi espacio</value>
	</key>
</prefix>